<?xml version="1.0" encoding="UTF-8" standalone="no"?><CONFIG><CONTEXT alias="$Directory/system/Users/antony"><property name="lastName" value="Analytics"/><property name="mws.deleteWorkspaceConfirmation" value="true"/><property name="mws.closeOpenTabs" value="false"/><property name="pageSize" value="0"/><property name="mws.closeAllTabsConfirmation" value="true"/><property name="mws.openLastActiveTab" value="true"/><property name="mws.deletePortletConfirmation" value="true"/><property name="mws.autoSaveWhenNavigating" value="true"/><property name="email" value="Antony@company.com"/><property name="name" value="antony"/><property name="dn" value="uid=Antony,ou=People,o=system,o=mws"/><property name="firstName" value="Antony"/><property name="currency_format" value="Default"/></CONTEXT></CONFIG>
