<CONFIG>
	<CONTEXT alias="8C638F31-7734-5F2A-A979-FFF72CD0AEFE.task.app">
		<folder name="Details" description="ReviewEmpData Details" alias="8C638F31-7734-5F2A-A979-FFF72CD0AEFE.task.app.details.page" isTaskFolder="false">
            <page>
            	<row>
            		<column>
            			<hrtasks___reviewempdataoverview name="Task View" alias="8C638F31-7734-5F2A-A979-FFF72CD0AEFE.task.app.details.portlet">
                            <layout name="titlebar" value="false"/>
                            <layout name="border" value="false"/>            			
            			</hrtasks___reviewempdataoverview> 
                    </column>
                </row>
                <hobos/>
            </page>
        </folder>
    </CONTEXT>
</CONFIG>
