
<CONFIG depCheck="false">
	<Mode type="sync">
	    <!-- Setup distribution rules -->
	    <CONTEXT alias="8C638F31-7734-5F2A-A979-FFF72CD0AEFE.routing.rules.storage">
	    <wm_xt_portalrules name="Auto Assign to Mobile Task Users" description="" ruleEditingContextURI="8C638F31-7734-5F2A-A979-FFF72CD0AEFE.distrib.rule.editing.context" ruleType="routing">
	<rule name="Auto Assign to Mobile Task Users" description="" ruleEditingContextURI="8C638F31-7734-5F2A-A979-FFF72CD0AEFE.distrib.rule.editing.context" ruleType="routing">
		<condition><boolean constant="true" displayName="boolean" description="a boolean value (true or false)" variableInfo.enabled="false"></boolean></condition>
		<result><semicolon displayName="semicolon" description="Multiple statement operator"><semicolon displayName="semicolon" description="Multiple statement operator"><string constant="MobileTaskUsers" displayName="string" description="a string value" variableInfo.enabled="false"></string><string constant="Administrator" displayName="string" description="a string value" variableInfo.enabled="false"></string></semicolon><string constant="processworker" displayName="string" description="a string value" variableInfo.enabled="false"></string></semicolon></result>
		<attributes><attribute name="taskDefinitionURI">8C638F31-7734-5F2A-A979-FFF72CD0AEFE</attribute><attribute name="origConditionText">true</attribute><attribute name="assigneeList">assigneetype.physicalrole~&quot;MobileTaskUsers&quot;~Role : MobileTaskUsers~assigneeLabel=MobileTaskUsers\,assigneeValue=&quot;MobileTaskUsers&quot;,assigneetype.useruid~&quot;Administrator&quot;~User UID : Administrator~assigneeLabel=Administrator\,assigneeValue=&quot;Administrator&quot;,assigneetype.useruid~&quot;processworker&quot;~User UID : processworker~assigneeValue=&quot;processworker&quot;\,assigneeLabel=processworker</attribute><attribute name="ruleSet"></attribute><attribute name="origResultText">&quot;MobileTaskUsers&quot;;&quot;Administrator&quot;;&quot;processworker&quot;</attribute><attribute name="conditionJoin">0</attribute><attribute name="doNotFire">false</attribute><attribute name="ruleEditingContextID">task.rule.distribution.context</attribute><attribute name="fireOnce">true</attribute><attribute name="ruleType">routing</attribute><attribute name="distManType">none</attribute><attribute name="conditionType">true</attribute><attribute name="conditions"></attribute></attributes>
	</rule>
</wm_xt_portalrules></CONTEXT>
	
	    <!-- Setup distribution filters -->
	    <CONTEXT alias="8C638F31-7734-5F2A-A979-FFF72CD0AEFE.filter.rules.storage">
	    </CONTEXT>
	
	    <!-- Setup trigger rules -->
	    <CONTEXT alias="8C638F31-7734-5F2A-A979-FFF72CD0AEFE.change.rules.storage">
	    <wm_xt_portalrules name="Set Expiration Date" description="" ruleEditingContextURI="8C638F31-7734-5F2A-A979-FFF72CD0AEFE.trigger.rule.editing.context" info="1" ruleType="change">
	<rule name="Set Expiration Date" description="" ruleEditingContextURI="8C638F31-7734-5F2A-A979-FFF72CD0AEFE.trigger.rule.editing.context" ruleType="change">
		<condition><and description="AND logical operator" displayName="and"><and description="AND logical operator" displayName="and"><equals description="equals comparison" displayName="equals"><bindingExpression constant="#{newTask.taskInfo.status}" description="an external binding expression" displayName="bindingExpression" variableInfo.enabled="false"></bindingExpression><string constant="active" description="a string value" displayName="string" variableInfo.enabled="false"></string></equals><equals description="equals comparison" displayName="equals"><bindingExpression constant="#{oldTask.taskInfo.status}" description="an external binding expression" displayName="bindingExpression" variableInfo.enabled="false"></bindingExpression><string constant="new" description="a string value" displayName="string" variableInfo.enabled="false"></string></equals></and><boolean constant="true" description="a boolean value (true or false)" displayName="boolean" variableInfo.enabled="false"></boolean></and></condition>
		<result><semicolon description="Multiple statement operator" displayName="semicolon"><assign description="Assignment" displayName="assign"><bindingExpression constant="#{currentTask.taskInfo.expireDate}" description="an external binding expression" displayName="bindingExpression" variableInfo.enabled="false"></bindingExpression><bindingExpression constant="#{update_date_action_date_event.resultDateTime}" description="an external binding expression" displayName="bindingExpression" variableInfo.enabled="false"></bindingExpression></assign><bindingExpression constant="#{currentTask.applyChangesNoAccept}" description="an external binding expression" displayName="bindingExpression" variableInfo.enabled="false"></bindingExpression></semicolon></result>
		<attributes><attribute name="ruleType">change</attribute><attribute name="eventTypeConditionsJoin">0</attribute><attribute name="taskDefinitionURI">8C638F31-7734-5F2A-A979-FFF72CD0AEFE</attribute><attribute name="origResultText">#{currentTask.taskInfo.expireDate} = #{update_date_action_date_event.resultDateTime};#{currentTask.applyChangesNoAccept}</attribute><attribute name="origConditionText">(#{newTask.taskInfo.status} == &quot;active&quot; &amp;&amp; #{oldTask.taskInfo.status} == &quot;new&quot;) &amp;&amp; (true)</attribute><attribute name="eventType">task.queued</attribute><attribute name="eventTypeConditions"></attribute><attribute name="actionType">true</attribute><attribute name="ruleEditingContextID">task.rule.trigger.context</attribute><attribute name="ruleSet"></attribute><attribute name="actions">actiontype.updatetaskinfo.expireDate~#{currentTask.taskInfo.expireDate} = #{update_date_action_date_event.resultDateTime}~Set Task Expiration  as 0 biz day(s) 8 hour(s) 0 minute(s) after Creation Date~startTime=00:00\,ruleType=schedule\,minutesExprLabel=0\,update_date_action_date_offset_fs_bean_name=update_date_action_date_event\,useUserPersonalCalendar=true\,original.editor.type=actiontype.updatetaskinfo.expireDate\,calendarDateExprLabel=Creation Date\,bizCalendarExprLabel=US\,checkTime=0DT00:30\,daysExprLabel=0\,hoursExprLabel=8</attribute></attributes>
	</rule>
</wm_xt_portalrules><wm_xt_portalrules name="Set Task Priority Low" description="" ruleEditingContextURI="8C638F31-7734-5F2A-A979-FFF72CD0AEFE.trigger.rule.editing.context" info="2" ruleType="change">
	<rule name="Set Task Priority Low" description="" ruleEditingContextURI="8C638F31-7734-5F2A-A979-FFF72CD0AEFE.trigger.rule.editing.context" ruleType="change">
		<condition><and description="AND logical operator" displayName="and"><and description="AND logical operator" displayName="and"><equals description="equals comparison" displayName="equals"><bindingExpression constant="#{newTask.taskInfo.status}" description="an external binding expression" displayName="bindingExpression" variableInfo.enabled="false"></bindingExpression><string constant="active" description="a string value" displayName="string" variableInfo.enabled="false"></string></equals><equals description="equals comparison" displayName="equals"><bindingExpression constant="#{oldTask.taskInfo.status}" description="an external binding expression" displayName="bindingExpression" variableInfo.enabled="false"></bindingExpression><string constant="new" description="a string value" displayName="string" variableInfo.enabled="false"></string></equals></and><equals description="equals comparison" displayName="equals"><bindingExpression constant="#{currentTask.taskData.addEmployee.title}" description="an external binding expression" displayName="bindingExpression" variableInfo.enabled="false"></bindingExpression><string constant="Employee" description="a string value" displayName="string" variableInfo.enabled="false"></string></equals></and></condition>
		<result><semicolon description="Multiple statement operator" displayName="semicolon"><assign description="Assignment" displayName="assign"><bindingExpression constant="#{currentTask.taskInfo.priority}" description="an external binding expression" displayName="bindingExpression" variableInfo.enabled="false"></bindingExpression><string constant="low" description="a string value" displayName="string" variableInfo.enabled="false"></string></assign><bindingExpression constant="#{currentTask.applyChangesNoAccept}" description="an external binding expression" displayName="bindingExpression" variableInfo.enabled="false"></bindingExpression></semicolon></result>
		<attributes><attribute name="ruleType">change</attribute><attribute name="eventTypeConditionsJoin">0</attribute><attribute name="taskDefinitionURI">8C638F31-7734-5F2A-A979-FFF72CD0AEFE</attribute><attribute name="origResultText">#{currentTask.taskInfo.priority} = &quot;low&quot;;#{currentTask.applyChangesNoAccept}</attribute><attribute name="origConditionText">(#{newTask.taskInfo.status} == &quot;active&quot; &amp;&amp; #{oldTask.taskInfo.status} == &quot;new&quot;) &amp;&amp; ((#{currentTask.taskData.addEmployee.title} == &quot;Employee&quot;))</attribute><attribute name="eventType">task.queued</attribute><attribute name="eventTypeConditions">#{currentTask.taskData.addEmployee.title} == &quot;Employee&quot;~#{currentTask.taskData.addEmployee.title}~==~&quot;Employee&quot;~Title is equal to Employee~Title~Employee</attribute><attribute name="actionType">true</attribute><attribute name="ruleEditingContextID">task.rule.trigger.context</attribute><attribute name="ruleSet"></attribute><attribute name="actions">actiontype.updatetaskinfo.priority~#{currentTask.taskInfo.priority} = &quot;low&quot;~Set Task Priority as Low~value=low\,original.editor.type=actiontype.updatetaskinfo.priority</attribute></attributes>
	</rule>
</wm_xt_portalrules><wm_xt_portalrules name="Set Task Description" description="" ruleEditingContextURI="8C638F31-7734-5F2A-A979-FFF72CD0AEFE.trigger.rule.editing.context" info="3" ruleType="change">
	<rule name="Set Task Description" description="" ruleEditingContextURI="8C638F31-7734-5F2A-A979-FFF72CD0AEFE.trigger.rule.editing.context" ruleType="change">
		<condition><and description="AND logical operator" displayName="and"><and description="AND logical operator" displayName="and"><equals description="equals comparison" displayName="equals"><bindingExpression constant="#{newTask.taskInfo.status}" description="an external binding expression" displayName="bindingExpression" variableInfo.enabled="false"></bindingExpression><string constant="active" description="a string value" displayName="string" variableInfo.enabled="false"></string></equals><equals description="equals comparison" displayName="equals"><bindingExpression constant="#{oldTask.taskInfo.status}" description="an external binding expression" displayName="bindingExpression" variableInfo.enabled="false"></bindingExpression><string constant="new" description="a string value" displayName="string" variableInfo.enabled="false"></string></equals></and><boolean constant="true" description="a boolean value (true or false)" displayName="boolean" variableInfo.enabled="false"></boolean></and></condition>
		<result><semicolon description="Multiple statement operator" displayName="semicolon"><assign description="Assignment" displayName="assign"><bindingExpression constant="#{currentTask.taskInfo.description}" description="an external binding expression" displayName="bindingExpression" variableInfo.enabled="false"></bindingExpression><string constant="Review and approve new employee" description="a string value" displayName="string" variableInfo.enabled="false"></string></assign><bindingExpression constant="#{currentTask.applyChangesNoAccept}" description="an external binding expression" displayName="bindingExpression" variableInfo.enabled="false"></bindingExpression></semicolon></result>
		<attributes><attribute name="ruleType">change</attribute><attribute name="eventTypeConditionsJoin">0</attribute><attribute name="taskDefinitionURI">8C638F31-7734-5F2A-A979-FFF72CD0AEFE</attribute><attribute name="origResultText">#{currentTask.taskInfo.description} = &quot;Review and approve new employee&quot;;#{currentTask.applyChangesNoAccept}</attribute><attribute name="origConditionText">(#{newTask.taskInfo.status} == &quot;active&quot; &amp;&amp; #{oldTask.taskInfo.status} == &quot;new&quot;) &amp;&amp; (true)</attribute><attribute name="eventType">task.queued</attribute><attribute name="eventTypeConditions"></attribute><attribute name="actionType">true</attribute><attribute name="ruleEditingContextID">task.rule.trigger.context</attribute><attribute name="ruleSet"></attribute><attribute name="actions">actiontype.updatetaskinfo.description~#{currentTask.taskInfo.description} = &quot;Review and approve new employee&quot;~Set Task Description as Review and approve new employee~value=&quot;Review and approve new employee&quot;\,original.editor.type=\,label=Review and approve new employee</attribute></attributes>
	</rule>
</wm_xt_portalrules><wm_xt_portalrules name="Set Task Priority Medium" description="" ruleEditingContextURI="8C638F31-7734-5F2A-A979-FFF72CD0AEFE.trigger.rule.editing.context" info="4" ruleType="change">
	<rule name="Set Task Priority Medium" description="" ruleEditingContextURI="8C638F31-7734-5F2A-A979-FFF72CD0AEFE.trigger.rule.editing.context" ruleType="change">
		<condition><and description="AND logical operator" displayName="and"><and description="AND logical operator" displayName="and"><equals description="equals comparison" displayName="equals"><bindingExpression constant="#{newTask.taskInfo.status}" description="an external binding expression" displayName="bindingExpression" variableInfo.enabled="false"></bindingExpression><string constant="active" description="a string value" displayName="string" variableInfo.enabled="false"></string></equals><equals description="equals comparison" displayName="equals"><bindingExpression constant="#{oldTask.taskInfo.status}" description="an external binding expression" displayName="bindingExpression" variableInfo.enabled="false"></bindingExpression><string constant="new" description="a string value" displayName="string" variableInfo.enabled="false"></string></equals></and><equals description="equals comparison" displayName="equals"><bindingExpression constant="#{currentTask.taskData.addEmployee.title}" description="an external binding expression" displayName="bindingExpression" variableInfo.enabled="false"></bindingExpression><string constant="Manager" description="a string value" displayName="string" variableInfo.enabled="false"></string></equals></and></condition>
		<result><semicolon description="Multiple statement operator" displayName="semicolon"><assign description="Assignment" displayName="assign"><bindingExpression constant="#{currentTask.taskInfo.priority}" description="an external binding expression" displayName="bindingExpression" variableInfo.enabled="false"></bindingExpression><string constant="medium" description="a string value" displayName="string" variableInfo.enabled="false"></string></assign><bindingExpression constant="#{currentTask.applyChangesNoAccept}" description="an external binding expression" displayName="bindingExpression" variableInfo.enabled="false"></bindingExpression></semicolon></result>
		<attributes><attribute name="ruleType">change</attribute><attribute name="eventTypeConditionsJoin">0</attribute><attribute name="taskDefinitionURI">8C638F31-7734-5F2A-A979-FFF72CD0AEFE</attribute><attribute name="origResultText">#{currentTask.taskInfo.priority} = &quot;medium&quot;;#{currentTask.applyChangesNoAccept}</attribute><attribute name="origConditionText">(#{newTask.taskInfo.status} == &quot;active&quot; &amp;&amp; #{oldTask.taskInfo.status} == &quot;new&quot;) &amp;&amp; ((#{currentTask.taskData.addEmployee.title} == &quot;Manager&quot;))</attribute><attribute name="eventType">task.queued</attribute><attribute name="eventTypeConditions">#{currentTask.taskData.addEmployee.title} == &quot;Manager&quot;~#{currentTask.taskData.addEmployee.title}~==~&quot;Manager&quot;~Title is equal to Manager~Title~Manager</attribute><attribute name="actionType">true</attribute><attribute name="ruleEditingContextID">task.rule.trigger.context</attribute><attribute name="ruleSet"></attribute><attribute name="actions">actiontype.updatetaskinfo.priority~#{currentTask.taskInfo.priority} = &quot;medium&quot;~Set Task Priority as Medium~value=medium\,original.editor.type=</attribute></attributes>
	</rule>
</wm_xt_portalrules><wm_xt_portalrules name="Set Task Priority Critical" description="" ruleEditingContextURI="8C638F31-7734-5F2A-A979-FFF72CD0AEFE.trigger.rule.editing.context" info="5" ruleType="change">
	<rule name="Set Task Priority Critical" description="" ruleEditingContextURI="8C638F31-7734-5F2A-A979-FFF72CD0AEFE.trigger.rule.editing.context" ruleType="change">
		<condition><and description="AND logical operator" displayName="and"><and description="AND logical operator" displayName="and"><equals description="equals comparison" displayName="equals"><bindingExpression constant="#{newTask.taskInfo.status}" description="an external binding expression" displayName="bindingExpression" variableInfo.enabled="false"></bindingExpression><string constant="active" description="a string value" displayName="string" variableInfo.enabled="false"></string></equals><equals description="equals comparison" displayName="equals"><bindingExpression constant="#{oldTask.taskInfo.status}" description="an external binding expression" displayName="bindingExpression" variableInfo.enabled="false"></bindingExpression><string constant="new" description="a string value" displayName="string" variableInfo.enabled="false"></string></equals></and><equals description="equals comparison" displayName="equals"><bindingExpression constant="#{currentTask.taskData.addEmployee.title}" description="an external binding expression" displayName="bindingExpression" variableInfo.enabled="false"></bindingExpression><string constant="Executive" description="a string value" displayName="string" variableInfo.enabled="false"></string></equals></and></condition>
		<result><semicolon description="Multiple statement operator" displayName="semicolon"><assign description="Assignment" displayName="assign"><bindingExpression constant="#{currentTask.taskInfo.priority}" description="an external binding expression" displayName="bindingExpression" variableInfo.enabled="false"></bindingExpression><string constant="critical" description="a string value" displayName="string" variableInfo.enabled="false"></string></assign><bindingExpression constant="#{currentTask.applyChangesNoAccept}" description="an external binding expression" displayName="bindingExpression" variableInfo.enabled="false"></bindingExpression></semicolon></result>
		<attributes><attribute name="ruleType">change</attribute><attribute name="eventTypeConditionsJoin">0</attribute><attribute name="taskDefinitionURI">8C638F31-7734-5F2A-A979-FFF72CD0AEFE</attribute><attribute name="origResultText">#{currentTask.taskInfo.priority} = &quot;critical&quot;;#{currentTask.applyChangesNoAccept}</attribute><attribute name="origConditionText">(#{newTask.taskInfo.status} == &quot;active&quot; &amp;&amp; #{oldTask.taskInfo.status} == &quot;new&quot;) &amp;&amp; ((#{currentTask.taskData.addEmployee.title} == &quot;Executive&quot;))</attribute><attribute name="eventType">task.queued</attribute><attribute name="eventTypeConditions">#{currentTask.taskData.addEmployee.title} == &quot;Executive&quot;~#{currentTask.taskData.addEmployee.title}~==~&quot;Executive&quot;~Title is equal to Executive~Title~Executive</attribute><attribute name="actionType">true</attribute><attribute name="ruleEditingContextID">task.rule.trigger.context</attribute><attribute name="ruleSet"></attribute><attribute name="actions">actiontype.updatetaskinfo.priority~#{currentTask.taskInfo.priority} = &quot;critical&quot;~Set Task Priority as Critical~value=critical\,original.editor.type=</attribute></attributes>
	</rule>
</wm_xt_portalrules><wm_xt_portalrules name="Set Task Priority High" description="" ruleEditingContextURI="8C638F31-7734-5F2A-A979-FFF72CD0AEFE.trigger.rule.editing.context" info="6" ruleType="change">
	<rule name="Set Task Priority High" description="" ruleEditingContextURI="8C638F31-7734-5F2A-A979-FFF72CD0AEFE.trigger.rule.editing.context" ruleType="change">
		<condition><and description="AND logical operator" displayName="and"><and description="AND logical operator" displayName="and"><equals description="equals comparison" displayName="equals"><bindingExpression constant="#{newTask.taskInfo.status}" description="an external binding expression" displayName="bindingExpression" variableInfo.enabled="false"></bindingExpression><string constant="active" description="a string value" displayName="string" variableInfo.enabled="false"></string></equals><equals description="equals comparison" displayName="equals"><bindingExpression constant="#{oldTask.taskInfo.status}" description="an external binding expression" displayName="bindingExpression" variableInfo.enabled="false"></bindingExpression><string constant="new" description="a string value" displayName="string" variableInfo.enabled="false"></string></equals></and><equals description="equals comparison" displayName="equals"><bindingExpression constant="#{currentTask.taskData.addEmployee.title}" description="an external binding expression" displayName="bindingExpression" variableInfo.enabled="false"></bindingExpression><string constant="Director" description="a string value" displayName="string" variableInfo.enabled="false"></string></equals></and></condition>
		<result><semicolon description="Multiple statement operator" displayName="semicolon"><assign description="Assignment" displayName="assign"><bindingExpression constant="#{currentTask.taskInfo.priority}" description="an external binding expression" displayName="bindingExpression" variableInfo.enabled="false"></bindingExpression><string constant="high" description="a string value" displayName="string" variableInfo.enabled="false"></string></assign><bindingExpression constant="#{currentTask.applyChangesNoAccept}" description="an external binding expression" displayName="bindingExpression" variableInfo.enabled="false"></bindingExpression></semicolon></result>
		<attributes><attribute name="ruleType">change</attribute><attribute name="eventTypeConditionsJoin">0</attribute><attribute name="taskDefinitionURI">8C638F31-7734-5F2A-A979-FFF72CD0AEFE</attribute><attribute name="origResultText">#{currentTask.taskInfo.priority} = &quot;high&quot;;#{currentTask.applyChangesNoAccept}</attribute><attribute name="origConditionText">(#{newTask.taskInfo.status} == &quot;active&quot; &amp;&amp; #{oldTask.taskInfo.status} == &quot;new&quot;) &amp;&amp; ((#{currentTask.taskData.addEmployee.title} == &quot;Director&quot;))</attribute><attribute name="eventType">task.queued</attribute><attribute name="eventTypeConditions">#{currentTask.taskData.addEmployee.title} == &quot;Director&quot;~#{currentTask.taskData.addEmployee.title}~==~&quot;Director&quot;~Title is equal to Director~Title~Director</attribute><attribute name="actionType">true</attribute><attribute name="ruleEditingContextID">task.rule.trigger.context</attribute><attribute name="ruleSet"></attribute><attribute name="actions">actiontype.updatetaskinfo.priority~#{currentTask.taskInfo.priority} = &quot;high&quot;~Set Task Priority as High~value=high\,original.editor.type=</attribute></attributes>
	</rule>
</wm_xt_portalrules></CONTEXT>
	
	    <!-- Setup schedule rules -->
	    <CONTEXT alias="8C638F31-7734-5F2A-A979-FFF72CD0AEFE.schedule.rules.storage">
	    </CONTEXT>
	</Mode>
</CONFIG>
