<CONFIG xmlns:xsi="http://www.w3.org/2001/XMLSchema-instance" 
    xsi:noNamespaceSchemaLocation="http://www.webmethods.com/schema/xmlImport.xsd"
>	<CONTEXT alias="8C638F31-7734-5F2A-A979-FFF72CD0AEFE.task.app">
		<folder name="ReviewEmpData Start" description="ReviewEmpData Start" alias="8C638F31-7734-5F2A-A979-FFF72CD0AEFE.task.app.start.page" isTaskFolder="false">
			<Mode type="sync">
	            <page>
	            	<row>
	            		<column>
	            			<hrtasks___reviewempdatataskstart name="Task Start" alias="8C638F31-7734-5F2A-A979-FFF72CD0AEFE.task.app.start.portlet">
	                            <layout name="titlebar" value="false"/>
	                            <layout name="border" value="false"/>            			
	            			</hrtasks___reviewempdatataskstart>
	                    </column>
	                </row>
	                <hobos/>
	            </page>
	        </Mode>
        </folder>
    </CONTEXT>
</CONFIG>
