<CONFIG xmlns:xsi="http://www.w3.org/2001/XMLSchema-instance" 
    xsi:noNamespaceSchemaLocation="http://www.webmethods.com/schema/xmlImport.xsd"
>
	<CONTEXT alias="8C638F31-7734-5F2A-A979-FFF72CD0AEFE.task.app">
		<folder name="ReviewEmpData Inbox" description="ReviewEmpData Inbox" alias="8C638F31-7734-5F2A-A979-FFF72CD0AEFE.task.app.inbox" isTaskFolder="true">
			<Mode type="sync">
	            <page>
	            	<row>
	            		<column>
	            			
	            			<hrtasks___reviewempdatainboxbar 
	                            name="Search For"
	            				description="Search for ReviewEmpData"
	                            alias="8C638F31-7734-5F2A-A979-FFF72CD0AEFE.task.app.inbox.bar">
	                        </hrtasks___reviewempdatainboxbar>
	                        
	                        
	                        <hrtasks___reviewempdatainboxresults
	                            name="Task Results"
	                            description="ReviewEmpData search results"
	                            alias="8C638F31-7734-5F2A-A979-FFF72CD0AEFE.task.app.inbox.result">
								
	                            <wiring name="queryString" portlet="8C638F31-7734-5F2A-A979-FFF72CD0AEFE.task.app.inbox.bar" property="lastSearchState"/>
	                            
	                        </hrtasks___reviewempdatainboxresults>
	                        
	                    </column>
	                </row>
	                <hobos/>
	            </page>
	        </Mode>
        </folder>
    </CONTEXT>
</CONFIG>
