
<!-- Task definition file -->
<CONFIG taskId="8C638F31-7734-5F2A-A979-FFF72CD0AEFE" displayName="ReviewEmpData" clientBeanName="ReviewEmpData" ruleContextBeanName="ReviewEmpDataRuleContext">


    <!-- Setup rules storage -->
    <CONTEXT alias="task.rules.storage">
        <folder name="ReviewEmpData Rules" alias="8C638F31-7734-5F2A-A979-FFF72CD0AEFE.rules.storage">
            <folder name="Assignment" alias="8C638F31-7734-5F2A-A979-FFF72CD0AEFE.routing.rules.storage"/>
            <folder name="Filters" alias="8C638F31-7734-5F2A-A979-FFF72CD0AEFE.filter.rules.storage"/>
            <folder name="Change Rules" alias="8C638F31-7734-5F2A-A979-FFF72CD0AEFE.change.rules.storage"/>
            <folder name="Schedule" alias="8C638F31-7734-5F2A-A979-FFF72CD0AEFE.schedule.rules.storage"/>
            <folder name="Delegation" alias="8C638F31-7734-5F2A-A979-FFF72CD0AEFE.delegation.rules.storage"/>
            <folder name="Rule Editing Context Storage" alias="8C638F31-7734-5F2A-A979-FFF72CD0AEFE.context.storage"/>
        </folder>
    </CONTEXT>
    
    <!-- saved search storage -->
    <CONTEXT alias="folder.search.saved">
    	<folder name="ReviewEmpData Saved Searches" alias="8C638F31-7734-5F2A-A979-FFF72CD0AEFE.saved.search.storage">
    		<folder name="Global Searches" alias="8C638F31-7734-5F2A-A979-FFF72CD0AEFE.saved.search.global.storage"/>
    	</folder>
    </CONTEXT>

	<!-- subscription storage -->
	<CONTEXT alias="task.subscriptions.storage">
		<Mode type="sync">
	        <folder name="ReviewEmpData Subscriptions" alias="8C638F31-7734-5F2A-A979-FFF72CD0AEFE.subscriptions.storage">
			</folder>
		</Mode>    
    </CONTEXT>

    <!-- setup test task application -->
    <CONTEXT alias="task.definition.storage">
        <wm_xt_task_definition 
        	name="8C638F31-7734-5F2A-A979-FFF72CD0AEFE"
        	description="ReviewEmpData" 
        	alias="8C638F31-7734-5F2A-A979-FFF72CD0AEFE,8C638F31-7734-5F2A-A979-FFF72CD0AEFE.definition" 
        	audit_options="65535" 
        	task_data_impl_class="com.webmethods.caf.taskclient.ReviewEmpData$TaskData"
            isEnabled="true" 
            distr_rules_folder_uri="8C638F31-7734-5F2A-A979-FFF72CD0AEFE.routing.rules.storage" 
            distr_filter_folder_uri="8C638F31-7734-5F2A-A979-FFF72CD0AEFE.filter.rules.storage" 
            trigger_rules_folder_uri="8C638F31-7734-5F2A-A979-FFF72CD0AEFE.change.rules.storage" 
            schedule_rules_folder_uri="8C638F31-7734-5F2A-A979-FFF72CD0AEFE.schedule.rules.storage"
            delegation_rules_folder_uri="8C638F31-7734-5F2A-A979-FFF72CD0AEFE.delegation.rules.storage" 
            task_client_name="ReviewEmpData"
            subscriptions_folder="8C638F31-7734-5F2A-A979-FFF72CD0AEFE.subscriptions.storage"
			task_app_name="hrtasks"
			comment_storage_type=""
			attach_storage_type=""
			task_type_id="8C638F31-7734-5F2A-A979-FFF72CD0AEFE"
         view_task_portlet_uri="/portlet/hrtasks___reviewempdataoverview" indexTableDis="&lt;displayIndexTable&gt;&lt;tableName&gt;8C638F31-7734-5F2A-A979-FFF72CD0AEFE&lt;/tableName&gt;&lt;displayTableName&gt;ReviewEmpData&lt;/displayTableName&gt;&lt;displayFields/&gt;&lt;/displayIndexTable&gt;" queue_task_portlet_uri="/portlet/hrtasks___reviewempdatataskstart"/>
    </CONTEXT>

    <!-- Setup Rule editing contexts -->
    <CONTEXT alias="folder.rule.contexts">
        <wm_task_rule_editing_context 
        	name="ReviewEmpData Assignment" 
        	alias="8C638F31-7734-5F2A-A979-FFF72CD0AEFE.distrib.rule.editing.context" 
        	ruleType="distribution"
            taskDefinitionURI="8C638F31-7734-5F2A-A979-FFF72CD0AEFE.definition" 
            rulesStorageFolder="8C638F31-7734-5F2A-A979-FFF72CD0AEFE.routing.rules.storage"/>
            
        <wm_task_rule_editing_context 
        	name="ReviewEmpData Filters" 
        	alias="8C638F31-7734-5F2A-A979-FFF72CD0AEFE.distrib.filter.rule.editing.context" 
        	ruleType="distribution.filter"
            taskDefinitionURI="8C638F31-7734-5F2A-A979-FFF72CD0AEFE.definition" 
            rulesStorageFolder="8C638F31-7734-5F2A-A979-FFF72CD0AEFE.filter.rules.storage"/>

        <wm_task_rule_editing_context 
        	name="ReviewEmpData Change Rules" 
        	alias="8C638F31-7734-5F2A-A979-FFF72CD0AEFE.trigger.rule.editing.context" 
        	ruleType="trigger"
            taskDefinitionURI="8C638F31-7734-5F2A-A979-FFF72CD0AEFE.definition" 
            rulesStorageFolder="8C638F31-7734-5F2A-A979-FFF72CD0AEFE.change.rules.storage"/>
        
        <wm_task_rule_editing_context 
        	name="ReviewEmpData Schedule" 
        	alias="8C638F31-7734-5F2A-A979-FFF72CD0AEFE.schedule.rule.editing.context" 
        	ruleType="schedule"
            taskDefinitionURI="8C638F31-7734-5F2A-A979-FFF72CD0AEFE.definition" 
            rulesStorageFolder="8C638F31-7734-5F2A-A979-FFF72CD0AEFE.schedule.rules.storage"/>

        <wm_task_rule_editing_context 
        	name="ReviewEmpData Delegation" 
        	alias="8C638F31-7734-5F2A-A979-FFF72CD0AEFE.delegation.rule.editing.context" 
        	ruleType="delegation"
            taskDefinitionURI="8C638F31-7734-5F2A-A979-FFF72CD0AEFE.definition" 
            rulesStorageFolder="8C638F31-7734-5F2A-A979-FFF72CD0AEFE.delegation.rules.storage"/>

    </CONTEXT>

    <!-- include task rules file -->
	<include include="/WEB-INF/tasks/8C638F31-7734-5F2A-A979-FFF72CD0AEFE/taskRules.xml"/>

	<!-- Publish Task pages -->
	<CONTEXT alias="webm.apps.workflow">
		<folder name="ReviewEmpData" description="" alias="8C638F31-7734-5F2A-A979-FFF72CD0AEFE.task.app" isTaskFolder="true"/>
    </CONTEXT>

	<CONTEXT alias="8C638F31-7734-5F2A-A979-FFF72CD0AEFE.task.app">
	    <!-- Setup Rule Admins -->
        <folder name="Manage Assignments" alias="8C638F31-7734-5F2A-A979-FFF72CD0AEFE.distribution.rules.admin.page">
          <page>
            <row>
              <column>
          	    <wm_ruleadmin name="Manage Assignments"
	  		  	    alias="8C638F31-7734-5F2A-A979-FFF72CD0AEFE.distribution.rules.admin"
              		ruleFolderURI="8C638F31-7734-5F2A-A979-FFF72CD0AEFE.routing.rules.storage"
                    ruleTextResourceBundle="com.webmethods.portal.portlet.wm_ruleadmin.resources.RuleadminResources"
                    viewRulesTextKey="text.taskrule.viewrules"
                    evalOrderTextKey="text.taskrule.evalorder"
                    addRuleTextKey="text.taskrule.addrule"
                    modifyRuleTextKey="text.taskrule.modifyrule"
                    cloneRuleTextKey="text.taskrule.clonerule"
                    ruleEditingContextURI="8C638F31-7734-5F2A-A979-FFF72CD0AEFE.distrib.rule.editing.context">
                </wm_ruleadmin>
            	<wm_task_search___returnurlbutton name="Return" alias="8C638F31-7734-5F2A-A979-FFF72CD0AEFE.distribution.rules.return">
                  <layout name="titlebar" value="false"/> 
                  <layout name="border" value="false"/>            			
            	</wm_task_search___returnurlbutton>
              </column>
            </row>
            <hobos/>
          </page>
        </folder>
        <folder name="Manage Filters" alias="8C638F31-7734-5F2A-A979-FFF72CD0AEFE.distribution.filter.rules.admin.page">
          <page>
            <row>
              <column>
          		<wm_ruleadmin name="Manage Filters"
					alias="8C638F31-7734-5F2A-A979-FFF72CD0AEFE.distribution.filter.rules.admin"
		            ruleFolderURI="8C638F31-7734-5F2A-A979-FFF72CD0AEFE.filter.rules.storage"
        		    ruleTextResourceBundle="com.webmethods.portal.portlet.wm_ruleadmin.resources.RuleadminResources"
		            viewRulesTextKey="text.taskrule.viewrules"
		            evalOrderTextKey="text.taskrule.evalorder"
		            addRuleTextKey="text.taskrule.addrule"
		            modifyRuleTextKey="text.taskrule.modifyrule"
		            cloneRuleTextKey="text.taskrule.clonerule"
		            ruleEditingContextURI="8C638F31-7734-5F2A-A979-FFF72CD0AEFE.distrib.filter.rule.editing.context">
        		</wm_ruleadmin>        
            	<wm_task_search___returnurlbutton name="Return" alias="8C638F31-7734-5F2A-A979-FFF72CD0AEFE.distribution.filter.rules.return">
                  <layout name="titlebar" value="false"/> 
                  <layout name="border" value="false"/>            			
            	</wm_task_search___returnurlbutton>
              </column>
            </row>
            <hobos/>
          </page>
        </folder>
        <folder name="Manage Change Rules" alias="8C638F31-7734-5F2A-A979-FFF72CD0AEFE.trigger.rules.admin.page">
          <page>
            <row>
              <column>
		        <wm_ruleadmin name="Manage Change Rules"
					alias="8C638F31-7734-5F2A-A979-FFF72CD0AEFE.trigger.rules.admin"
		            ruleFolderURI="8C638F31-7734-5F2A-A979-FFF72CD0AEFE.change.rules.storage"
		            ruleTextResourceBundle="com.webmethods.portal.portlet.wm_ruleadmin.resources.RuleadminResources"
		            viewRulesTextKey="text.taskrule.viewrules"
		            evalOrderTextKey="text.taskrule.evalorder"
		            addRuleTextKey="text.taskrule.addrule"
		            modifyRuleTextKey="text.taskrule.modifyrule"
		            cloneRuleTextKey="text.taskrule.clonerule"
		            ruleEditingContextURI="8C638F31-7734-5F2A-A979-FFF72CD0AEFE.trigger.rule.editing.context">
		        </wm_ruleadmin>
            	<wm_task_search___returnurlbutton name="Return" alias="8C638F31-7734-5F2A-A979-FFF72CD0AEFE.trigger.rules.return">
                  <layout name="titlebar" value="false"/> 
                  <layout name="border" value="false"/>            			
            	</wm_task_search___returnurlbutton>
              </column>
            </row>
            <hobos/>
          </page>
        </folder>
        <folder name="Manage Schedules" alias="8C638F31-7734-5F2A-A979-FFF72CD0AEFE.schedule.rules.admin.page">
          <page>
            <row>
              <column>
		        <wm_ruleadmin name="Manage Schedules"
					alias="8C638F31-7734-5F2A-A979-FFF72CD0AEFE.schedule.rules.admin"
		            ruleFolderURI="8C638F31-7734-5F2A-A979-FFF72CD0AEFE.schedule.rules.storage"
		            ruleTextResourceBundle="com.webmethods.portal.portlet.wm_ruleadmin.resources.RuleadminResources"
		            viewRulesTextKey="text.taskrule.viewrules"
		            evalOrderTextKey="text.taskrule.evalorder"
		            addRuleTextKey="text.taskrule.addrule"
		            modifyRuleTextKey="text.taskrule.modifyrule"
		            cloneRuleTextKey="text.taskrule.clonerule"
		            ruleEditingContextURI="8C638F31-7734-5F2A-A979-FFF72CD0AEFE.schedule.rule.editing.context">
		        </wm_ruleadmin>
            	<wm_task_search___returnurlbutton name="Return" alias="8C638F31-7734-5F2A-A979-FFF72CD0AEFE.schedule.rules.return">
                  <layout name="titlebar" value="false"/> 
                  <layout name="border" value="false"/>            			
            	</wm_task_search___returnurlbutton>
              </column>
            </row>
            <hobos/>
          </page>
        </folder>
        <wm_ruleadmin name="Manage Delegations" 
			alias="8C638F31-7734-5F2A-A979-FFF72CD0AEFE.delegation.rules.admin"
            ruleFolderURI="8C638F31-7734-5F2A-A979-FFF72CD0AEFE.delegation.rules.storage"
            ruleTextResourceBundle="com.webmethods.portal.portlet.wm_ruleadmin.resources.RuleadminResources"
            viewRulesTextKey="text.taskrule.viewrules"
            evalOrderTextKey="text.taskrule.evalorder"
            addRuleTextKey="text.taskrule.addrule"
            modifyRuleTextKey="text.taskrule.modifyrule"
            cloneRuleTextKey="text.taskrule.clonerule"
            ruleEditingContextURI="8C638F31-7734-5F2A-A979-FFF72CD0AEFE.delegation.rule.editing.context">
        </wm_ruleadmin>
    </CONTEXT>

	<!-- Start Task -->
	<include include="/WEB-INF/tasks/8C638F31-7734-5F2A-A979-FFF72CD0AEFE/taskStart.xml"/>
	
	<!-- Custom Task Details -->
	<include include="/WEB-INF/tasks/8C638F31-7734-5F2A-A979-FFF72CD0AEFE/taskDetails.xml"/>
	
	<!-- Custom Inbox Page -->
	<include include="/WEB-INF/tasks/8C638F31-7734-5F2A-A979-FFF72CD0AEFE/taskInbox.xml"/>
	
</CONFIG>
