<?xml version="1.0" encoding="UTF-8"?>
<faces-config xmlns:xsi="http://www.w3.org/2001/XMLSchema-instance" xmlns="http://xmlns.jcp.org/xml/ns/javaee" version="2.2" xsi:schemaLocation="http://xmlns.jcp.org/xml/ns/javaee http://xmlns.jcp.org/xml/ns/javaee/web-facesconfig_2_2.xsd">
	<application>
		<message-bundle>com.webmethods.caf.AppResources</message-bundle>
		<locale-config>
			<default-locale>en_US</default-locale>
		</locale-config>
	</application>

	<managed-bean>
		<managed-bean-name>ReviewEmpData</managed-bean-name>
		<managed-bean-class>com.webmethods.caf.taskclient.ReviewEmpData</managed-bean-class>
		<managed-bean-scope>session</managed-bean-scope>
		<managed-property>
			<description>Specifies whether the session bean expires when the pageflow is out of scope</description>
			<display-name>Expire With Page Flow</display-name>
			<property-name>expireWithPageFlow</property-name>
			<property-class>java.lang.Boolean</property-class>
			<value>true</value>
		</managed-property>
	</managed-bean>
	<managed-bean>
		<display-name>ReviewEmpData Rule Context</display-name>
		<managed-bean-name>ReviewEmpDataRuleContext</managed-bean-name>
		<managed-bean-class>com.webmethods.caf.taskclient.ReviewEmpDataRuleContext</managed-bean-class>
		<managed-bean-scope>session</managed-bean-scope>
	</managed-bean>
	<managed-bean>
		<description>applicationbean</description>
		<display-name>HRTasks</display-name>
		<managed-bean-name>Hrtasks</managed-bean-name>
		<managed-bean-class>com.webmethods.caf.Hrtasks</managed-bean-class>
		<managed-bean-scope>application</managed-bean-scope>
	</managed-bean>
	<managed-bean>
		<description>portletbean</description>
		<display-name>ReviewEmpDataView</display-name>
		<managed-bean-name>ReviewEmpDataView</managed-bean-name>
		<managed-bean-class>com.webmethods.caf.reviewempdataview.ReviewEmpDataView</managed-bean-class>
		<managed-bean-scope>session</managed-bean-scope>
		<managed-property>
			<description>Specifies whether the session bean expires when the pageflow is out of scope</description>
			<display-name>Expire With Page Flow</display-name>
			<property-name>expireWithPageFlow</property-name>
			<property-class>java.lang.Boolean</property-class>
			<value>true</value>
		</managed-property>
	</managed-bean>
	<managed-bean>
		<description>pagebean</description>
		<display-name>ReviewEmpDataView/default</display-name>
		<managed-bean-name>ReviewEmpDataViewDefaultviewView</managed-bean-name>
		<managed-bean-class>com.webmethods.caf.reviewempdataview.ReviewEmpDataViewDefaultviewView</managed-bean-class>
		<managed-bean-scope>session</managed-bean-scope>
		<managed-property>
			<description>Specifies whether the session bean expires when the pageflow is out of scope</description>
			<display-name>Expire With Page Flow</display-name>
			<property-name>expireWithPageFlow</property-name>
			<property-class>java.lang.Boolean</property-class>
			<value>true</value>
		</managed-property>
	</managed-bean>
	<navigation-rule>
		<from-view-id>/ReviewEmpDataView/*</from-view-id>
		<navigation-case>
			<from-outcome>default</from-outcome>
			<to-view-id>/ReviewEmpDataView/default.view</to-view-id>
		</navigation-case>
	</navigation-rule>
	<managed-bean>
		<managed-bean-name>TaskDisplayProvider</managed-bean-name>
		<managed-bean-class>com.webmethods.caf.faces.data.task.TaskDisplayProvider</managed-bean-class>
		<managed-bean-scope>session</managed-bean-scope>
		<managed-property>
			<description>Specifies whether the session bean expires when the pageflow is out of scope</description>
			<display-name>Expire With Page Flow</display-name>
			<property-name>expireWithPageFlow</property-name>
			<property-class>java.lang.Boolean</property-class>
			<value>true</value>
		</managed-property>
	</managed-bean>
	
	<managed-bean>
		<description>portletbean</description>
		<display-name>ReviewEmpDataOverview</display-name>
		<managed-bean-name>ReviewEmpDataOverview</managed-bean-name>
		<managed-bean-class>com.webmethods.caf.reviewempdataoverview.ReviewEmpDataOverview</managed-bean-class>
		<managed-bean-scope>session</managed-bean-scope>
		<managed-property>
			<description>Specifies whether the session bean expires when the pageflow is out of scope</description>
			<display-name>Expire With Page Flow</display-name>
			<property-name>expireWithPageFlow</property-name>
			<property-class>java.lang.Boolean</property-class>
			<value>true</value>
		</managed-property>
	</managed-bean>
	<managed-bean>
		<description>pagebean</description>
		<display-name>ReviewEmpDataOverview/default</display-name>
		<managed-bean-name>ReviewEmpDataOverviewDefaultviewView</managed-bean-name>
		<managed-bean-class>com.webmethods.caf.reviewempdataoverview.ReviewEmpDataOverviewDefaultviewView</managed-bean-class>
		<managed-bean-scope>session</managed-bean-scope>
		<managed-property>
			<description>Specifies whether the session bean expires when the pageflow is out of scope</description>
			<display-name>Expire With Page Flow</display-name>
			<property-name>expireWithPageFlow</property-name>
			<property-class>java.lang.Boolean</property-class>
			<value>true</value>
		</managed-property>
	</managed-bean>
	<navigation-rule>
		<from-view-id>/ReviewEmpDataOverview/*</from-view-id>
		<navigation-case>
			<from-outcome>default</from-outcome>
			<to-view-id>/ReviewEmpDataOverview/default.view</to-view-id>
		</navigation-case>
	</navigation-rule>
	<managed-bean>
		<managed-bean-name>update_date_action_date_event</managed-bean-name>
		<managed-bean-class>com.webmethods.caf.faces.data.task.TaskBusinessCalendarModel</managed-bean-class>
		<managed-bean-scope>request</managed-bean-scope>
		<managed-property>
			<property-name>baseDateTime</property-name>
			<property-class>java.lang.Object</property-class>
			<value>#{currentTask.taskInfo.createdDate}</value>
		</managed-property>
		<managed-property>
			<property-name>corporateCalendar</property-name>
			<property-class>java.lang.Object</property-class>
			<value>buscal.US</value>
		</managed-property>
		<managed-property>
			<property-name>workdays</property-name>
			<property-class>int</property-class>
			<value>0</value>
		</managed-property>
		<managed-property>
			<property-name>workhours</property-name>
			<property-class>int</property-class>
			<value>8</value>
		</managed-property>
		<managed-property>
			<property-name>workminutes</property-name>
			<property-class>int</property-class>
			<value>0</value>
		</managed-property>
	</managed-bean>
	<managed-bean>
		<description>portletbean</description>
		<display-name>ReviewEmpDataInboxBar</display-name>
		<managed-bean-name>ReviewEmpDataInboxBar</managed-bean-name>
		<managed-bean-class>caf.war.HRTasks.reviewempdatainboxbar.ReviewEmpDataInboxBar</managed-bean-class>
		<managed-bean-scope>session</managed-bean-scope>
		<managed-property>
			<description>Specifies whether the session bean expires when the pageflow is out of scope</description>
			<display-name>Expire With Page Flow</display-name>
			<property-name>expireWithPageFlow</property-name>
			<property-class>java.lang.Boolean</property-class>
			<value>true</value>
		</managed-property>
	</managed-bean>
	<managed-bean>
		<description>pagebean</description>
		<display-name>ReviewEmpDataInboxBar/default</display-name>
		<managed-bean-name>ReviewEmpDataInboxBarDefaultviewView</managed-bean-name>
		<managed-bean-class>caf.war.HRTasks.reviewempdatainboxbar.ReviewEmpDataInboxBarDefaultviewView</managed-bean-class>
		<managed-bean-scope>session</managed-bean-scope>
		<managed-property>
			<description>Specifies whether the session bean expires when the pageflow is out of scope</description>
			<display-name>Expire With Page Flow</display-name>
			<property-name>expireWithPageFlow</property-name>
			<property-class>java.lang.Boolean</property-class>
			<value>true</value>
		</managed-property>
	</managed-bean>
	<managed-bean>
		<description>portletbean</description>
		<display-name>ReviewEmpDataInboxResults</display-name>
		<managed-bean-name>ReviewEmpDataInboxResults</managed-bean-name>
		<managed-bean-class>caf.war.HRTasks.reviewempdatainboxresults.ReviewEmpDataInboxResults</managed-bean-class>
		<managed-bean-scope>session</managed-bean-scope>
		<managed-property>
			<description>Specifies whether the session bean expires when the pageflow is out of scope</description>
			<display-name>Expire With Page Flow</display-name>
			<property-name>expireWithPageFlow</property-name>
			<property-class>java.lang.Boolean</property-class>
			<value>true</value>
		</managed-property>
	</managed-bean>
	<managed-bean>
		<description>pagebean</description>
		<display-name>ReviewEmpDataInboxResults/default</display-name>
		<managed-bean-name>ReviewEmpDataInboxResultsDefaultviewView</managed-bean-name>
		<managed-bean-class>caf.war.HRTasks.reviewempdatainboxresults.ReviewEmpDataInboxResultsDefaultviewView</managed-bean-class>
		<managed-bean-scope>session</managed-bean-scope>
		<managed-property>
			<description>Specifies whether the session bean expires when the pageflow is out of scope</description>
			<display-name>Expire With Page Flow</display-name>
			<property-name>expireWithPageFlow</property-name>
			<property-class>java.lang.Boolean</property-class>
			<value>true</value>
		</managed-property>
	</managed-bean>
	<managed-bean>
		<managed-bean-name>ReviewEmpDataSearchProvider</managed-bean-name>
		<managed-bean-class>caf.war.HRTasks.reviewempdatainboxresults.ReviewEmpDataSearchProvider</managed-bean-class>
		<managed-bean-scope>session</managed-bean-scope>
		<managed-property>
			<description>Specifies whether the session bean expires when the pageflow is out of scope</description>
			<display-name>Expire With Page Flow</display-name>
			<property-name>expireWithPageFlow</property-name>
			<property-class>java.lang.Boolean</property-class>
			<value>true</value>
		</managed-property>
	</managed-bean>
	<managed-bean>
		<managed-bean-name>TaskPriorityMapProvider</managed-bean-name>
		<managed-bean-class>com.webmethods.caf.faces.data.object.TableSelectItemGroupProvider</managed-bean-class>
		<managed-bean-scope>session</managed-bean-scope>
		<managed-property>
			<description>Specifies whether the session bean expires when the pageflow is out of scope</description>
			<display-name>Expire With Page Flow</display-name>
			<property-name>expireWithPageFlow</property-name>
			<property-class>java.lang.Boolean</property-class>
			<value>true</value>
		</managed-property>
	</managed-bean>
	<managed-bean>
		<managed-bean-name>TaskDisplayProviderForDialog</managed-bean-name>
		<managed-bean-class>com.webmethods.caf.faces.data.task.TaskDisplayProvider</managed-bean-class>
		<managed-bean-scope>session</managed-bean-scope>
		<managed-property>
			<description>Specifies whether the session bean expires when the pageflow is out of scope</description>
			<display-name>Expire With Page Flow</display-name>
			<property-name>expireWithPageFlow</property-name>
			<property-class>java.lang.Boolean</property-class>
			<value>true</value>
		</managed-property>
	</managed-bean>
	<managed-bean>
		<managed-bean-name>TaskTypeNameMapProvider</managed-bean-name>
		<managed-bean-class>com.webmethods.caf.faces.data.object.TableSelectItemGroupProvider</managed-bean-class>
		<managed-bean-scope>session</managed-bean-scope>
		<managed-property>
			<description>Specifies whether the session bean expires when the pageflow is out of scope</description>
			<display-name>Expire With Page Flow</display-name>
			<property-name>expireWithPageFlow</property-name>
			<property-class>java.lang.Boolean</property-class>
			<value>true</value>
		</managed-property>
	</managed-bean>
	<managed-bean>
		<managed-bean-name>SelectedTasksProvider</managed-bean-name>
		<managed-bean-class>com.webmethods.caf.faces.data.object.ListTableContentProvider</managed-bean-class>
		<managed-bean-scope>session</managed-bean-scope>
		<managed-property>
			<description>Specifies whether the session bean expires when the pageflow is out of scope</description>
			<display-name>Expire With Page Flow</display-name>
			<property-name>expireWithPageFlow</property-name>
			<property-class>java.lang.Boolean</property-class>
			<value>true</value>
		</managed-property>
	</managed-bean>
	<managed-bean>
		<managed-bean-name>SelectedTaskIDsProvider</managed-bean-name>
		<managed-bean-class>com.webmethods.caf.faces.data.object.ListTableContentProvider</managed-bean-class>
		<managed-bean-scope>session</managed-bean-scope>
		<managed-property>
			<description>Specifies whether the session bean expires when the pageflow is out of scope</description>
			<display-name>Expire With Page Flow</display-name>
			<property-name>expireWithPageFlow</property-name>
			<property-class>java.lang.Boolean</property-class>
			<value>true</value>
		</managed-property>
	</managed-bean>
	<managed-bean>
		<managed-bean-name>SelectedTaskInfosProvider</managed-bean-name>
		<managed-bean-class>com.webmethods.caf.faces.data.object.ListTableContentProvider</managed-bean-class>
		<managed-bean-scope>session</managed-bean-scope>
		<managed-property>
			<description>Specifies whether the session bean expires when the pageflow is out of scope</description>
			<display-name>Expire With Page Flow</display-name>
			<property-name>expireWithPageFlow</property-name>
			<property-class>java.lang.Boolean</property-class>
			<value>true</value>
		</managed-property>
	</managed-bean>
	<managed-bean>
		<managed-bean-name>TaskContentProviderExtended</managed-bean-name>
		<managed-bean-class>com.webmethods.caf.faces.data.task.impl.TaskContentProviderExtended</managed-bean-class>
		<managed-bean-scope>session</managed-bean-scope>
		<managed-property>
			<description>Specifies whether the session bean expires when the pageflow is out of scope</description>
			<display-name>Expire With Page Flow</display-name>
			<property-name>expireWithPageFlow</property-name>
			<property-class>java.lang.Boolean</property-class>
			<value>true</value>
		</managed-property>
	</managed-bean>
	<managed-bean>
		<description>pagebean</description>
		<display-name>ReviewEmpDataInboxResults/edit</display-name>
		<managed-bean-name>ReviewEmpDataInboxResultsEditviewView</managed-bean-name>
		<managed-bean-class>caf.war.HRTasks.reviewempdatainboxresults.ReviewEmpDataInboxResultsEditviewView</managed-bean-class>
		<managed-bean-scope>session</managed-bean-scope>
		<managed-property>
			<description>Specifies whether the session bean expires when the pageflow is out of scope</description>
			<display-name>Expire With Page Flow</display-name>
			<property-name>expireWithPageFlow</property-name>
			<property-class>java.lang.Boolean</property-class>
			<value>true</value>
		</managed-property>
	</managed-bean>
	<managed-bean>
		<description>portletbean</description>
		<display-name>ReviewEmpDataTaskStart</display-name>
		<managed-bean-name>ReviewEmpDataTaskStart</managed-bean-name>
		<managed-bean-class>caf.war.HRTasks.reviewempdatataskstart.ReviewEmpDataTaskStart</managed-bean-class>
		<managed-bean-scope>session</managed-bean-scope>
		<managed-property>
			<description>Specifies whether the session bean expires when the pageflow is out of scope</description>
			<display-name>Expire With Page Flow</display-name>
			<property-name>expireWithPageFlow</property-name>
			<property-class>java.lang.Boolean</property-class>
			<value>true</value>
		</managed-property>
	</managed-bean>
	<managed-bean>
		<description>pagebean</description>
		<display-name>ReviewEmpDataTaskStart/default</display-name>
		<managed-bean-name>ReviewEmpDataTaskStartDefaultviewView</managed-bean-name>
		<managed-bean-class>caf.war.HRTasks.reviewempdatataskstart.ReviewEmpDataTaskStartDefaultviewView</managed-bean-class>
		<managed-bean-scope>session</managed-bean-scope>
		<managed-property>
			<description>Specifies whether the session bean expires when the pageflow is out of scope</description>
			<display-name>Expire With Page Flow</display-name>
			<property-name>expireWithPageFlow</property-name>
			<property-class>java.lang.Boolean</property-class>
			<value>true</value>
		</managed-property>
	</managed-bean>
</faces-config>
