<?xml version="1.0" encoding="UTF-8" standalone="yes"?>
<portlet-app version="1.0" xmlns="http://java.sun.com/xml/ns/portlet/portlet-app_1_0.xsd" xmlns:xsi="http://www.w3.org/2001/XMLSchema-instance" xsi:schemaLocation="http://java.sun.com/xml/ns/portlet/portlet-app_1_0.xsd http://java.sun.com/xml/ns/portlet/portlet-app_1_0.xsd ">
	<portlet>
		<portlet-name>ReviewEmpDataView</portlet-name>
		<portlet-class>com.webmethods.caf.faces.portlet.FacesPortlet</portlet-class>
		<init-param>
			<name>com.webmethods.caf.faces.portlet.INIT_VIEW</name>
			<value>/ReviewEmpDataView/default.view</value>
		</init-param>
		<supports>
			<mime-type>text/html</mime-type>
			<portlet-mode>view</portlet-mode>
		</supports>
		<supported-locale>en</supported-locale>
		<resource-bundle>com.webmethods.caf.reviewempdataview.ReviewEmpDataViewResources</resource-bundle>
		<portlet-info>
			<title>ReviewEmpData View</title>
			<short-title>ReviewEmpDataView</short-title>
			<keywords>task,8C638F31-7734-5F2A-A979-FFF72CD0AEFE,view</keywords>
		</portlet-info>
		<portlet-preferences>
			<preference>
				<name>taskID</name>
				<read-only>false</read-only>
			</preference>
			<preference>
				<name>cancelUrl</name>
				<read-only>false</read-only>
			</preference>
			<preference>
				<name>finishUrl</name>
				<read-only>false</read-only>
			</preference>
		</portlet-preferences>
	</portlet>
	<portlet>
		<portlet-name>ReviewEmpDataOverview</portlet-name>
		<portlet-class>com.webmethods.caf.faces.portlet.FacesPortlet</portlet-class>
		<init-param>
			<name>com.webmethods.caf.faces.portlet.INIT_VIEW</name>
			<value>/ReviewEmpDataOverview/default.view</value>
		</init-param>
		<supports>
			<mime-type>text/html</mime-type>
			<portlet-mode>view</portlet-mode>
		</supports>
		<supported-locale>en</supported-locale>
		<resource-bundle>com.webmethods.caf.reviewempdataoverview.ReviewEmpDataOverviewResources</resource-bundle>
		<portlet-info>
			<title>ReviewEmpData Overview</title>
			<short-title>ReviewEmpDataOverview</short-title>
			<keywords>task,8C638F31-7734-5F2A-A979-FFF72CD0AEFE,overview</keywords>
		</portlet-info>
		<portlet-preferences>
			<preference>
				<name>taskID</name>
				<read-only>false</read-only>
			</preference>
			<preference>
				<name>cancelUrl</name>
				<read-only>false</read-only>
			</preference>
			<preference>
				<name>finishUrl</name>
				<read-only>false</read-only>
			</preference>
			<preference>
				<name>currentTab</name>
				<value>TaskData</value>
				<read-only>false</read-only>
			</preference>
		</portlet-preferences>
	</portlet>
	<portlet>
		<portlet-name>ReviewEmpDataInboxBar</portlet-name>
		<portlet-class>com.webmethods.caf.faces.portlet.FacesPortlet</portlet-class>
		<init-param>
			<name>ANNOTATED_PORTLET_ACTIONS</name>
			<value>true</value>
		</init-param>
		<init-param>
			<name>com.webmethods.caf.faces.portlet.INIT_VIEW</name>
			<value>/ReviewEmpDataInboxBar/default.view</value>
		</init-param>
		<init-param>
			<name>titlebar_layout</name>
			<value>tabs</value>
		</init-param>
		<init-param>
			<name>titlebar_show_add_to_home</name>
			<value>false</value>
		</init-param>
		<supports>
			<mime-type>text/html</mime-type>
			<portlet-mode>view</portlet-mode>
		</supports>
		<supported-locale>en</supported-locale>
		<resource-bundle>caf.war.HRTasks.reviewempdatainboxbar.ReviewEmpDataInboxBarResources</resource-bundle>
		<portlet-info>
			<title>ReviewEmpDataInboxBar</title>
			<keywords>task,8C638F31-7734-5F2A-A979-FFF72CD0AEFE,inbox,bar</keywords>
		</portlet-info>
		<portlet-preferences>
			<preference>
				<name>initialSearchTab</name>
				<read-only>false</read-only>
			</preference>
			<preference>
				<name>initialSelectedSavedSearch</name>
				<read-only>false</read-only>
			</preference>
			<preference>
				<name>runSearchOnDisplay</name>
				<value>true</value>
				<read-only>false</read-only>
			</preference>
			<preference>
				<name>noMaxResults</name>
				<value>false</value>
				<read-only>false</read-only>
			</preference>
			<preference>
				<name>maxResults</name>
				<value>200</value>
				<read-only>false</read-only>
			</preference>
			<preference>
				<name>lastSearchState</name>
				<read-only>false</read-only>
			</preference>
			<preference>
				<name>savedSearchMap</name>
				<read-only>false</read-only>
			</preference>
		</portlet-preferences>
	</portlet>
	<portlet>
		<portlet-name>ReviewEmpDataInboxResults</portlet-name>
		<portlet-class>com.webmethods.caf.faces.portlet.FacesPortlet</portlet-class>
		<init-param>
			<name>ANNOTATED_PORTLET_ACTIONS</name>
			<value>true</value>
		</init-param>
		<init-param>
			<name>com.webmethods.caf.faces.portlet.INIT_VIEW</name>
			<value>/ReviewEmpDataInboxResults/default.view</value>
		</init-param>
		<init-param>
			<name>com.webmethods.caf.faces.portlet.INIT_EDIT</name>
			<value>/ReviewEmpDataInboxResults/edit.view</value>
		</init-param>
		<supports>
			<mime-type>text/html</mime-type>
			<portlet-mode>view</portlet-mode>
			<portlet-mode>edit</portlet-mode>
		</supports>
		<supported-locale>en</supported-locale>
		<resource-bundle>caf.war.HRTasks.reviewempdatainboxresults.ReviewEmpDataInboxResultsResources</resource-bundle>
		<portlet-info>
			<title>ReviewEmpDataInboxResults</title>
			<keywords>task,8C638F31-7734-5F2A-A979-FFF72CD0AEFE,inbox,results</keywords>
		</portlet-info>
		<portlet-preferences>
			<preference>
				<name>queryString</name>
				<read-only>false</read-only>
			</preference>
			<preference>
				<name>initialPageSize</name>
				<value>20</value>
				<read-only>false</read-only>
			</preference>
			<preference>
				<name>initialSortBy</name>
				<value>taskIdColumn</value>
				<read-only>false</read-only>
			</preference>
			<preference>
				<name>initialSortAscending</name>
				<value>true</value>
				<read-only>false</read-only>
			</preference>
			<preference>
				<name>columnDisplay</name>
				<read-only>false</read-only>
			</preference>
			<preference>
				<name>columnWidths</name>
				<read-only>false</read-only>
			</preference>
			<preference>
				<name>taskDetailsPage</name>
				<read-only>false</read-only>
			</preference>
			<preference>
				<name>taskDetailsPortlet</name>
				<read-only>false</read-only>
			</preference>
			<preference>
				<name>currentTaskID</name>
				<read-only>false</read-only>
			</preference>
		</portlet-preferences>
	</portlet>
	<portlet>
		<portlet-name>ReviewEmpDataTaskStart</portlet-name>
		<portlet-class>com.webmethods.caf.faces.portlet.FacesPortlet</portlet-class>
		<init-param>
			<name>ANNOTATED_PORTLET_ACTIONS</name>
			<value>true</value>
		</init-param>
		<init-param>
			<name>com.webmethods.caf.faces.portlet.INIT_VIEW</name>
			<value>/ReviewEmpDataTaskStart/default.view</value>
		</init-param>
		<supports>
			<mime-type>text/html</mime-type>
			<portlet-mode>view</portlet-mode>
		</supports>
		<supported-locale>en</supported-locale>
		<resource-bundle>caf.war.HRTasks.reviewempdatataskstart.ReviewEmpDataTaskStartResources</resource-bundle>
		<portlet-info>
			<title>ReviewEmpDataTaskStart</title>
			<keywords>task,8C638F31-7734-5F2A-A979-FFF72CD0AEFE,start</keywords>
		</portlet-info>
		<portlet-preferences>
			<preference>
				<name>returnUrl</name>
				<read-only>false</read-only>
			</preference>
		</portlet-preferences>
	</portlet>
	<user-attribute>
		<name>user.default.time_zone</name>
	</user-attribute>
	<user-attribute>
		<name>user.default.time.format</name>
	</user-attribute>
	<user-attribute>
		<name>user.default.date.format</name>
	</user-attribute>
	<user-attribute>
		<name>user.default.number.format</name>
	</user-attribute>
</portlet-app>