<?xml version="1.0" encoding="UTF-8"?>
<CONFIG>
	
<context alias="webm.func.priv.task.engine">
	<Mode type="sync">
		<wm_xt_fabricfolder name="ReviewEmpData Task" alias="8C638F31-7734-5F2A-A979-FFF72CD0AEFE.privileges" description="Container with standard task privileges">
			<wm_xt_fabricfolder name="Tasks Administration">
				<basic name="Tasks Administration" description="Privilege to administer other people's tasks. This is required in order to be able to access tasks from Task List Management" alias="8C638F31-7734-5F2A-A979-FFF72CD0AEFE.privilege.admin" allowEdit="false" />
				<basic name="Update Task Type" description="Privilege to modify properties of a task type" alias="8C638F31-7734-5F2A-A979-FFF72CD0AEFE.privilege.modifytasktype" allowEdit="false" />
				<basic name="Delete Task Type" description="Privilege to delete a task type" alias="8C638F31-7734-5F2A-A979-FFF72CD0AEFE.privilege.deletetasktype" allowEdit="false" />
				<basic name="Queue New Task Instance" description="Privilege to queue new task of this type" alias="8C638F31-7734-5F2A-A979-FFF72CD0AEFE.privilege.queuetask" allowEdit="false" />
			</wm_xt_fabricfolder>
			<wm_xt_fabricfolder name="Tasks Management">
				<basic name="View Task Data" description="Privilege to view task business data. This is required in order to be able to search for tasks in the Inbox and Task List Management" alias="8C638F31-7734-5F2A-A979-FFF72CD0AEFE.privilege.viewdata" allowEdit="false" />
				<basic name="View Task Info" description="Privilege to view general task info" alias="8C638F31-7734-5F2A-A979-FFF72CD0AEFE.privilege.viewinfo" allowEdit="false" />
				<basic name="View Task Audit" description="Privilege to view task audit trail" alias="8C638F31-7734-5F2A-A979-FFF72CD0AEFE.privilege.viewaudit" allowEdit="false" />
				<basic name="Complete Task" description="Privilege to complete a task" alias="8C638F31-7734-5F2A-A979-FFF72CD0AEFE.privilege.complete" allowEdit="false" />			
				<basic name="Cancel Task" description="Privilege to cancel a task" alias="8C638F31-7734-5F2A-A979-FFF72CD0AEFE.privilege.cancel" allowEdit="false" />			
				<basic name="Suspend Task" description="Privilege to suspend a task" alias="8C638F31-7734-5F2A-A979-FFF72CD0AEFE.privilege.suspend" allowEdit="false" />			
				<basic name="Resume Task" description="Privilege to resume a task" alias="8C638F31-7734-5F2A-A979-FFF72CD0AEFE.privilege.resume" allowEdit="false" />			
				<basic name="Delegate Task" description="Privilege to delegate a task to people" alias="8C638F31-7734-5F2A-A979-FFF72CD0AEFE.privilege.delegate" allowEdit="false" />			
				<basic name="Accept Task" description="Privilege to accept/unaccept a task to on behalf of other people" alias="8C638F31-7734-5F2A-A979-FFF72CD0AEFE.privilege.accept" allowEdit="false" />			
				<basic name="Assign Task" description="Privilege to assign the task to people" alias="8C638F31-7734-5F2A-A979-FFF72CD0AEFE.privilege.assign" allowEdit="false" />
				<basic name="Modify Task Data" description="Privilege to modify task business data" alias="8C638F31-7734-5F2A-A979-FFF72CD0AEFE.privilege.modifydata" allowEdit="false" />
				<basic name="Modify Task Info" description="Privilege to modify task general info" alias="8C638F31-7734-5F2A-A979-FFF72CD0AEFE.privilege.modifyinfo" allowEdit="false" />
				<basic name="Subscribe to a Task" description="Privilege to subscribe to task notifications" alias="8C638F31-7734-5F2A-A979-FFF72CD0AEFE.privilege.subscribe" allowEdit="false" />
				<basic name="Rollback Task" description="Privilege to rollback task state from audit trail" alias="8C638F31-7734-5F2A-A979-FFF72CD0AEFE.privilege.rollback" allowEdit="false" />
				<basic name="Delete Task" description="Privilege to delete a task" alias="8C638F31-7734-5F2A-A979-FFF72CD0AEFE.privilege.delete" allowEdit="false" />
			</wm_xt_fabricfolder>
			<wm_xt_fabricfolder name="Rules Management">
				<basic name="Create New Rule" description="Privilege to create new task rule" alias="8C638F31-7734-5F2A-A979-FFF72CD0AEFE.privilege.createrule" allowEdit="false" />
				<basic name="Modify Rule" description="Privilege to modify task rule" alias="8C638F31-7734-5F2A-A979-FFF72CD0AEFE.privilege.modifyrule" allowEdit="false" />
				<basic name="Modify Rule Variables" description="Privilege to modify task rule variables only" alias="8C638F31-7734-5F2A-A979-FFF72CD0AEFE.privilege.modifyrulevars" allowEdit="false" />
				<basic name="Delete Rule" description="Privilege to delete a task rule" alias="8C638F31-7734-5F2A-A979-FFF72CD0AEFE.privilege.deleterule" allowEdit="false" />
			</wm_xt_fabricfolder>
			<wm_xt_fabricfolder name="Task Comments" alias="8C638F31-7734-5F2A-A979-FFF72CD0AEFE.comment.privileges">
				<basic name="View Comments" description="Privilege to view task comments" alias="8C638F31-7734-5F2A-A979-FFF72CD0AEFE.privilege.viewcomment" allowEdit="false" />
				<basic name="Add Comment" description="Privilege to add a new comment to a task" alias="8C638F31-7734-5F2A-A979-FFF72CD0AEFE.privilege.createcomment" allowEdit="false" />
				<basic name="Update Comment" description="Privilege to update a comment added to a task" alias="8C638F31-7734-5F2A-A979-FFF72CD0AEFE.privilege.updatecomment" allowEdit="false" />
				<basic name="Update Other People's Comment" description="Privilege to update other people comment added to a task" alias="8C638F31-7734-5F2A-A979-FFF72CD0AEFE.privilege.updateotherpeoplecomment" allowEdit="false" />
				<basic name="Delete Comments" description="Privilege to delete a comment added to a task" alias="8C638F31-7734-5F2A-A979-FFF72CD0AEFE.privilege.deletecomment" allowEdit="false" />
				<basic name="Delete Other People's Comment" description="Privilege to delete other people comment added to a task" alias="8C638F31-7734-5F2A-A979-FFF72CD0AEFE.privilege.deleteotherpeoplecomment" allowEdit="false" />
			</wm_xt_fabricfolder>
			<wm_xt_fabricfolder name="Task Collaboration" alias="8C638F31-7734-5F2A-A979-FFF72CD0AEFE.collaboration.privileges">
				<basic name="View Collaboration Process" description="Privilege to view task collaboration process" alias="8C638F31-7734-5F2A-A979-FFF72CD0AEFE.privilege.viewcollaboration" allowEdit="false" />
				<basic name="Create Collaboration Process" description="Privilege to create new collaboration tasks" alias="8C638F31-7734-5F2A-A979-FFF72CD0AEFE.privilege.createcollaboration" allowEdit="false" />
				<basic name="Update Collaboration Process" description="Privilege to update collaboration process" alias="8C638F31-7734-5F2A-A979-FFF72CD0AEFE.privilege.updatecollaboration" allowEdit="false" />
				<basic name="Delete Collaboration Process" description="Privilege to delete collaboration process" alias="8C638F31-7734-5F2A-A979-FFF72CD0AEFE.privilege.deletecollaboration" allowEdit="false" />
				<basic name="Search User's Collaboration Processes" description="Privilege to search Collaboration Processes user participates with" alias="8C638F31-7734-5F2A-A979-FFF72CD0AEFE.privilege.searchusercollaboration" allowEdit="false" />
				<basic name="Search Other People's Collaboration Processes" description="Privilege to search any collaboration processes" alias="8C638F31-7734-5F2A-A979-FFF72CD0AEFE.privilege.searchallcollaboration" allowEdit="false" />
			</wm_xt_fabricfolder>
		</wm_xt_fabricfolder>
	</Mode>
</context></CONFIG> 
 