<?xml version="1.0" encoding="UTF-8" standalone="no"?><CONFIG><CONTEXT alias="$Directory/system/Users/chrystal"><property name="lastName" value="Console"/><property name="mws.autoSaveWhenNavigating" value="true"/><property name="mws.deleteWorkspaceConfirmation" value="true"/><property name="email" value="Chrystal@company.com"/><property name="name" value="chrystal"/><property name="pageSize" value="0"/><property name="mws.closeOpenTabs" value="false"/><property name="dn" value="uid=Chrystal,ou=People,o=system,o=mws"/><property name="mws.closeAllTabsConfirmation" value="true"/><property name="firstName" value="Chrystal"/><property name="mws.openLastActiveTab" value="true"/><property name="mws.deletePortletConfirmation" value="true"/></CONTEXT></CONFIG>
