<?xml version="1.0" encoding="UTF-8" standalone="no"?><CONFIG><CONTEXT alias="role.provider.storage"><wm_xt_staticrole authLevel="default" creationDate="1417522141878" depth="0" isVersioned="false" lastModifiedDate="1417522141920" name="ProcessAnalysts" ownerID="administrator" principals="/directory/system/user/uid%3dantony%2cou%3dpeople%2co%3dsystem%2co%3dmws,/directory/system/user/uid%3dchrystal%2cou%3dpeople%2co%3dsystem%2co%3dmws" sortID="14" userID="sysadmin"><relation path="" type="renderer"/><relation path="" type="portlet.pseudo"/><relation path="" type="role.relation"/></wm_xt_staticrole></CONTEXT><CONTEXT alias="role.provider.roles"><wm_xt_role authLevel="default" creationDate="1417522141751" depth="0" dn="uid=ProcessAnalysts" isVersioned="false" lastModifiedDate="1417522141856" name="ProcessAnalysts" ownerID="administrator" roleProviderURI="_{role.static.provider}_" sortID="14" userID="sysadmin"><relation path="" type="renderer"/><relation path="" type="portlet.pseudo"/><relation path="role.provider.storage/ProcessAnalysts" type="role.relation"/></wm_xt_role></CONTEXT></CONFIG>
